Filename,Label,Phase
120px-Bancholeomon.jpg,1,Train
423-west.jpg,0,Train
120px-Cerberumon_jinrou.jpg,1,Train
106px-Gladimon.jpg,1,Train
aerodactyl.png,0,Train
101px-Mecha_rogue_04.jpg,1,Train
120px-Darkknightmon2.jpg,1,Train
eelektross.png,0,Train
120px-Porcupamon.jpg,1,Train
120px-Gomimon.jpg,1,Train
373.jpg,0,Train
17.jpg,0,Train
120px-Heraklekabuterimon.jpg,1,Train
articuno.png,0,Train
641-therian.jpg,0,Train
duosion.png,0,Train
120px-Imperialdramon_black.jpg,1,Train
120px-Rasielmon.jpg,1,Train
120px-Koromon.jpg,1,Train
hitmontop.png,0,Train
plusle.png,0,Train
84px-Dreaper_adr_04.jpg,1,Train
sliggoo.png,0,Train
seismitoad.png,0,Train
kakuna.png,0,Train
120px-Knightmon.jpg,1,Train
648.jpg,0,Train
120px-Mammon.jpg,1,Train
120px-Tukaimon.jpg,1,Train
120px-Guidemon.jpg,1,Train
tsareena.jpg,0,Train
82.jpg,0,Train
120px-Devitamamon.jpg,1,Train
414.jpg,0,Train
120px-Shoutmonx3.jpg,1,Train
120px-Dorugoramon.jpg,1,Train
120px-Kunemon.jpg,1,Train
676-heart.jpg,0,Train
403.jpg,0,Train
291.jpg,0,Train
120px-Exeraser_gamma.jpg,1,Train
328.jpg,0,Train
120px-Turuiemon.jpg,1,Train
mamoswine.png,0,Train
120px-Puttimon.jpg,1,Train
120px-Golem_Jiji_Kamemon.png,1,Train
120px-Grandlocomon2.jpg,1,Train
120px-Phelesmon.jpg,1,Train
wigglytuff.png,0,Train
120px-Bolgmon.jpg,1,Train
279.jpg,0,Train
bagon.png,0,Train
120px-Bakumon.jpg,1,Train
70.jpg,0,Train
120px-Wormmon2.jpg,1,Train
120px-Rangamon.png,1,Train
120px-Kiwimon.jpg,1,Train
finneon.png,0,Train
120px-Gaossmon.jpg,1,Train
machamp.png,0,Train
145.jpg,0,Train
uxie.png,0,Train
300.jpg,0,Train
120px-Boltmon.jpg,1,Train
128.jpg,0,Train
rampardos.png,0,Train
120.jpg,0,Train
120px-Sunmon.jpg,1,Train
120px-Hangyomon.jpg,1,Train
metagross.png,0,Train
woobat.png,0,Train
pinsir.png,0,Train
nihilego.jpg,0,Train
komala.jpg,0,Train
120px-Megidramonx.jpg,1,Train
120px-Cerberumonx.jpg,1,Train
120px-Addmon.jpg,1,Train
120px-Goatmon.jpg,1,Train
whimsicott.png,0,Train
86px-Rebirthweddinmon.jpg,1,Train
137.jpg,0,Train
444.jpg,0,Train
120px-Thunderballmon.jpg,1,Train
zorua.png,0,Train
wurmple.png,0,Train
224.jpg,0,Train
120px-Shoutmon_ex6.jpg,1,Train
593f.jpg,0,Train
granbull.png,0,Train
120px-Arbormon.jpg,1,Train
volcanion.png,0,Train
120px-Blackgalgomon.jpg,1,Train
120px-Mochimon.jpg,1,Train
120px-Liamon.jpg,1,Train
drowzee.png,0,Train
landorus-incarnate.png,0,Train
abomasnow.png,0,Train
498.jpg,0,Train
418.jpg,0,Train
arceus.png,0,Train
231.jpg,0,Train
luxray.png,0,Train
espurr.png,0,Train
chimchar.png,0,Train
crobat.png,0,Train
120px-Angemon.jpg,1,Train
120px-Deathmon_black.jpg,1,Train
120px-Xvmon.jpg,1,Train
walrein.png,0,Train
120px-Falcomon.jpg,1,Train
muk.png,0,Train
lopunny.png,0,Train
120px-Virusmon.jpg,1,Train
120px-Gracenovamon.jpg,1,Train
487-origin.jpg,0,Train
120px-Raidenmon.jpg,1,Train
370.jpg,0,Train
49.jpg,0,Train
chatot.png,0,Train
699.jpg,0,Train
120px-Tyilinmon.jpg,1,Train
metapod.png,0,Train
120px-Bakemon.jpg,1,Train
120px-Reppamon.jpg,1,Train
rayquaza.png,0,Train
120px-Darktyranomon.jpg,1,Train
cofagrigus.png,0,Train
120px-Meicoomon_%28Child%29.jpg,1,Train
586-summer.jpg,0,Train
299.jpg,0,Train
120px-Greymon_black2.jpg,1,Train
slurpuff.png,0,Train
120px-Rizegreymon.jpg,1,Train
120px-Kabuterimon.jpg,1,Train
425.jpg,0,Train
mewtwo.png,0,Train
355.jpg,0,Train
porygon.png,0,Train
makuhita.png,0,Train
694.jpg,0,Train
120px-Aegiomon2.jpg,1,Train
120px-Durandamon.jpg,1,Train
111.jpg,0,Train
120px-Mugendramon.jpg,1,Train
120px-Growmonx.jpg,1,Train
120px-Skullknightmon_arrow.jpg,1,Train
vivillon.png,0,Train
120px-Bokomon.jpg,1,Train
gigalith.png,0,Train
308-mega.jpg,0,Train
120px-Owlmon.jpg,1,Train
120px-Ulforcev-dramon_X.jpg,1,Train
120px-Beelzebumon_revolmon.png,1,Train
120px-Hyokomon.jpg,1,Train
71.jpg,0,Train
120px-Brachimon.jpg,1,Train
120px-Kougamon.jpg,1,Train
400.jpg,0,Train
turtwig.png,0,Train
pidgeotto.png,0,Train
120px-Tsunomon2.jpg,1,Train
120px-Scorpiomon.jpg,1,Train
pikipek.jpg,0,Train
120px-Newsmon.jpg,1,Train
120px-Nohemon.jpg,1,Train
lanturn.png,0,Train
120px-Punimon.jpg,1,Train
120px-Ancienttroiamon.jpg,1,Train
120px-Jetmon.jpg,1,Train
120px-Pupumon.jpg,1,Train
120px-Cameramon.jpg,1,Train
charmeleon.png,0,Train
77.jpg,0,Train
metang.png,0,Train
combee.png,0,Train
120px-Overlordgaia.png,1,Train
420.jpg,0,Train
120px-Sociamon.jpg,1,Train
120px-Dinotigermon.jpg,1,Train
magcargo.png,0,Train
pidgeot.png,0,Train
sawsbuck.png,0,Train
120px-Omegashoutmon_dorulumon.jpg,1,Train
120px-Cannonbeemon.jpg,1,Train
breloom.png,0,Train
82px-Sistermon_blanc_awaken_collectors.jpg,1,Train
120px-Medievaldukemon.jpg,1,Train
Cardmon_c2.png,1,Train
120px-Vorvomon.jpg,1,Train
electabuzz.png,0,Train
307.jpg,0,Train
noivern.png,0,Train
120px-Pidmon.jpg,1,Train
torkoal.png,0,Train
120px-NeoVamdemon_Darkness_Mode_%2B_Shoutmon_%2B_Lopmon.jpg,1,Train
zygarde-50.png,0,Train
120px-Ballistamon_Revolmon.jpg,1,Train
609.jpg,0,Train
120px-Shoutmon_starsword.jpg,1,Train
illumise.png,0,Train
120px-Popomon.jpg,1,Train
120px-Megaseadramon.jpg,1,Train
513.jpg,0,Train
spheal.png,0,Train
nidoran-f.png,0,Train
120px-Pururumon.jpg,1,Train
120px-Atlurkabuterimon_red.jpg,1,Train
120px-Tialudomon.jpg,1,Train
445-mega.jpg,0,Train
87px-Eraser.jpg,1,Train
233.jpg,0,Train
kingdra.png,0,Train
120px-Lampmon.jpg,1,Train
taillow.png,0,Train
120px-Sagittarimon.jpg,1,Train
toxicroak.png,0,Train
120px-Erismon3.jpg,1,Train
120px-Agumon.jpg,1,Train
92px-Eater_legion.jpg,1,Train
599.jpg,0,Train
161.jpg,0,Train
360.jpg,0,Train
600.jpg,0,Train
120px-Raihimon.jpg,1,Train
toxapex.jpg,0,Train
120px-Gashamon.jpg,1,Train
claydol.png,0,Train
120px-Flybeemon.jpg,1,Train
120px-Sakuyamon_miko.jpg,1,Train
495.jpg,0,Train
120px-Leafmon.jpg,1,Train
644.jpg,0,Train
171.jpg,0,Train
vanilluxe.png,0,Train
120px-Millenniumon.jpg,1,Train
594.jpg,0,Train
120px-Bishopchessmon_white.jpg,1,Train
torterra.png,0,Train
256.jpg,0,Train
paras.png,0,Train
374.jpg,0,Train
unfezant.png,0,Train
105px-Mother_D-Reaper.jpg,1,Train
120px-Etemon.jpg,1,Train
60.jpg,0,Train
lurantis.jpg,0,Train
120px-Skullknightmon_naginata.jpg,1,Train
electivire.png,0,Train
turtonator.jpg,0,Train
120px-Sistermon_blanc.jpg,1,Train
212-mega.jpg,0,Train
120px-Amon.jpg,1,Train
bouffalant.png,0,Train
tornadus-incarnate.png,0,Train
220.jpg,0,Train
536.jpg,0,Train
429.jpg,0,Train
poliwhirl.png,0,Train
142-mega.jpg,0,Train
120px-Peckmon3.jpg,1,Train
120px-Ropuremon.jpg,1,Train
666.jpg,0,Train
murkrow.png,0,Train
vibrava.png,0,Train
stakataka.jpg,0,Train
120px-Dinobeemon.jpg,1,Train
120px-Duramon.jpg,1,Train
120px-Raijiludomon.jpg,1,Train
120px-Mechanorimon.jpg,1,Train
120px-Shutmon.jpg,1,Train
froakie.png,0,Train
99.jpg,0,Train
bastiodon.png,0,Train
575.jpg,0,Train
120px-Clearagumon.jpg,1,Train
114px-Gravimon_darkness.jpg,1,Train
kricketune.png,0,Train
92px-Snatchmon.png,1,Train
120px-Kudamon3.jpg,1,Train
120px-Starmons.jpg,1,Train
120px-Sunflowmon.jpg,1,Train
598.jpg,0,Train
636.jpg,0,Train
120px-Groundramon2.jpg,1,Train
120px-Sakumon.jpg,1,Train
jynx.png,0,Train
687.jpg,0,Train
113.jpg,0,Train
120px-Lowemon2.jpg,1,Train
682.jpg,0,Train
deerling.png,0,Train
cradily.png,0,Train
120px-Beelzebumon2.jpg,1,Train
25-pop-star.jpg,0,Train
weezing.png,0,Train
florges.png,0,Train
453.jpg,0,Train
120px-Okuwamon.jpg,1,Train
120px-Mysterious_creature_2.jpg,1,Train
120px-Shoutmonx4s.jpg,1,Train
120px-Bancho_golemon.jpg,1,Train
ekans.png,0,Train
120px-Ceresmon.jpg,1,Train
120px-Manbomon.jpg,1,Train
cubone.png,0,Train
120px-Tortamon.jpg,1,Train
120px-Gaomon.jpg,1,Train
393.jpg,0,Train
hypno.png,0,Train
aegislash-blade.png,0,Train
120px-Chaos_Lord.png,1,Train
388.jpg,0,Train
120px-Devimon.jpg,1,Train
120px-Kinkakumon.jpg,1,Train
120px-Grademon.jpg,1,Train
oranguru.jpg,0,Train
254-mega.jpg,0,Train
120px-Compassmon.jpg,1,Train
120px-Chaosdramonx.jpg,1,Train
65px-Umon.jpg,1,Train
120px-Minervamon.jpg,1,Train
120px-Pteranomon_X.jpg,1,Train
619.jpg,0,Train
120px-Giromon.jpg,1,Train
120px-Ravmon_burst.jpg,1,Train
palpitoad.png,0,Train
311.jpg,0,Train
120px-BioLotusmon.png,1,Train
685.jpg,0,Train
beautifly.png,0,Train
120px-Imperialdramon_paladin.jpg,1,Train
feebas.png,0,Train
235.jpg,0,Train
438.jpg,0,Train
120px-Harpymon.jpg,1,Train
120px-Tankdramon.jpg,1,Train
120px-Scopemon.jpg,1,Train
120px-Shurimon.jpg,1,Train
dewpider.jpg,0,Train
machoke.png,0,Train
swirlix.png,0,Train
120px-Ganemon.jpg,1,Train
120px-Cherubimon-vice.jpg,1,Train
120px-Magnamonx.jpg,1,Train
296.jpg,0,Train
tyranitar.png,0,Train
120px-Agumon_burst.jpg,1,Train
boldore.png,0,Train
120px-Citramon.png,1,Train
651.jpg,0,Train
120px-Jokermon.jpg,1,Train
297.jpg,0,Train
120px-Skullmammon.jpg,1,Train
manaphy.png,0,Train
476.jpg,0,Train
120px-Zenimon.jpg,1,Train
120px-Tellermon.jpg,1,Train
mawile.png,0,Train
120px-Gabumon.jpg,1,Train
120px-Xuanwumon.jpg,1,Train
120px-Opossummon_candmon.jpg,1,Train
120px-Togemogumon.jpg,1,Train
120px-Footmon.jpg,1,Train
120px-Bramon.jpg,1,Train
120px-Ordinemon_tri.png,1,Train
8.jpg,0,Train
120px-Andromon.jpg,1,Train
120px-Cyberdramon_2010.jpg,1,Train
120px-Jupitermon_wrath.jpg,1,Train
112.jpg,0,Train
120px-Yaksamon.jpg,1,Train
120px-Grappuleomon.jpg,1,Train
120px-Seadramon.jpg,1,Train
120px-Greymon.jpg,1,Train
shuckle.png,0,Train
120px-Gigabreakdramon.png,1,Train
tapu-lele.jpg,0,Train
120px-Blacksaintgalgomon.jpg,1,Train
468.jpg,0,Train
120px-Baalmon2.jpg,1,Train
295.jpg,0,Train
120px-Jesmon.jpg,1,Train
cubchoo.png,0,Train
181.jpg,0,Train
solgaleo.jpg,0,Train
303.jpg,0,Train
450.jpg,0,Train
120px-Cyclomon.jpg,1,Train
581.jpg,0,Train
507.jpg,0,Train
tympole.png,0,Train
120px-Sangloupmon.jpg,1,Train
genesect.png,0,Train
120px-Supadamon.jpg,1,Train
120px-Volcdramon.jpg,1,Train
120px-Chapmon.jpg,1,Train
207.jpg,0,Train
120px-Junglemojyamon.jpg,1,Train
smeargle.png,0,Train
120px-Proto_gizmon_crusader.jpg,1,Train
bunnelby.png,0,Train
wailord.png,0,Train
120px-Bubbmon.jpg,1,Train
72.jpg,0,Train
645-therian.jpg,0,Train
120px-CmonDigimon_Deathmon.jpg,1,Train
darumaka.png,0,Train
323-mega.jpg,0,Train
chansey.png,0,Train
120px-Cardmon_%28R2%29.png,1,Train
120px-Wingdramon.jpg,1,Train
120px-Targetmon.jpg,1,Train
120px-Fairimon.jpg,1,Train
120px-Raremon.jpg,1,Train
387.jpg,0,Train
electrike.png,0,Train
658.jpg,0,Train
120px-Black_Shoutmon_X7.png,1,Train
hakamo-o.jpg,0,Train
120px-Psychemon.jpg,1,Train
285.jpg,0,Train
120px-Megablackshoutmonx7.jpg,1,Train
wingull.png,0,Train
120px-Tailmon.jpg,1,Train
rockruff.jpg,0,Train
lucario.png,0,Train
120px-Tankmon.jpg,1,Train
585-autumn.jpg,0,Train
120px-Neovamdemon_darkness.png,1,Train
144.jpg,0,Train
keldeo-ordinary.png,0,Train
terrakion.png,0,Train
120px-Demon_superultimate.jpg,1,Train
554.jpg,0,Train
emolga.png,0,Train
80.jpg,0,Train
120px-Fantomon.jpg,1,Train
38.jpg,0,Train
522.jpg,0,Train
120px-Lynxmon.jpg,1,Train
248-mega.jpg,0,Train
676-diamond.jpg,0,Train
120px-Swimmon.jpg,1,Train
120px-Gottsumon.jpg,1,Train
120px-Darkvolumon2.jpg,1,Train
120px-Archnemon.jpg,1,Train
dunsparce.png,0,Train
340.jpg,0,Train
462.jpg,0,Train
servine.png,0,Train
chimecho.png,0,Train
63.jpg,0,Train
120px-Tsumemon.jpg,1,Train
120px-Apollomon_whispered.png,1,Train
cryogonal.png,0,Train
441.jpg,0,Train
120px-Toyagumon.jpg,1,Train
120px-Fakemon.jpg,1,Train
271.jpg,0,Train
120px-Exeraser_omega.jpg,1,Train
120px-Iguneetmon.jpg,1,Train
120px-Ogudomon.jpg,1,Train
120px-Meicoomon_mutated.png,1,Train
457.jpg,0,Train
120px-Sukamondaiou.png,1,Train
120px-Rapidmon.jpg,1,Train
120px-Rosemon_X.jpg,1,Train
120px-Taomon_silver.jpg,1,Train
oshawott.png,0,Train
120px-Musclemon.jpg,1,Train
grubbin.jpg,0,Train
totodile.png,0,Train
120px-Exeraser_beta.jpg,1,Train
120px-Arresterdramon_metaltyranomon.jpg,1,Train
628.jpg,0,Train
6.jpg,0,Train
78.jpg,0,Train
rufflet.png,0,Train
493-normal.jpg,0,Train
Cardmon_c1.png,1,Train
snover.png,0,Train
chikorita.png,0,Train
120px-Damedamon.jpg,1,Train
120px-Mistymon2.jpg,1,Train
crabominable.jpg,0,Train
120px-Megalogrowmon_orange.jpg,1,Train
120px-Meicrackmon_1.jpg,1,Train
rapidash.png,0,Train
120px-Ancientgarurumon.jpg,1,Train
298.jpg,0,Train
banette.png,0,Train
120px-Ballistamon.jpg,1,Train
120px-Reviewmon.jpg,1,Train
86px-Weddinmon.jpg,1,Train
petilil.png,0,Train
120px-Neamon.jpg,1,Train
545.jpg,0,Train
120px-Goddramon.jpg,1,Train
93.jpg,0,Train
120px-Thunderbirmon.jpg,1,Train
120px-Shoutmonx4.jpg,1,Train
588.jpg,0,Train
120px-Kuwagamonx.jpg,1,Train
310.jpg,0,Train
551.jpg,0,Train
pelipper.png,0,Train
488.jpg,0,Train
120px-Clockmon.jpg,1,Train
120px-Growmon_orange.jpg,1,Train
trumbeak.jpg,0,Train
120px-Ulforcevdramon.jpg,1,Train
emboar.png,0,Train
tangrowth.png,0,Train
togedemaru.jpg,0,Train
grotle.png,0,Train
120px-Tobucatmon.jpg,1,Train
648-pirouette.jpg,0,Train
120px-Daipenmon.jpg,1,Train
120px-Racemon.jpg,1,Train
120px-Butenmon.jpg,1,Train
wartortle.png,0,Train
120px-Mihiramon.jpg,1,Train
120px-Slashangemon.jpg,1,Train
248.jpg,0,Train
wormadam-plant.png,0,Train
jangmo-o.jpg,0,Train
479-mow.jpg,0,Train
120px-Aegiochusmon.jpg,1,Train
120px-Kaisergreymon2.jpg,1,Train
vikavolt.jpg,0,Train
120px-Dorugamon.jpg,1,Train
120px-Hackmon.jpg,1,Train
krookodile.png,0,Train
swanna.png,0,Train
120px-Makuramon1.jpg,1,Train
salandit.jpg,0,Train
120px-Navimon.jpg,1,Train
189.jpg,0,Train
120px-Baihumon2.jpg,1,Train
120px-Torikara_ballmon.jpg,1,Train
660.jpg,0,Train
120px-Spinomon.jpg,1,Train
braviary.png,0,Train
120px-Siesamon.jpg,1,Train
gabite.png,0,Train
100px-Shortmon.jpg,1,Train
120px-Bladekuwagamon.jpg,1,Train
120px-Mervamon.jpg,1,Train
120px-Ultimatebrachimon.jpg,1,Train
pyroar.png,0,Train
120px-Dezipmon.jpg,1,Train
120px-Apollomon_darkness.jpg,1,Train
dusknoir.png,0,Train
lugia.png,0,Train
120px-Pegasmon.jpg,1,Train
120px-Flawizarmon.jpg,1,Train
cleffa.png,0,Train
120px-Destromon.png,1,Train
dodrio.png,0,Train
120px-Princemamemon.jpg,1,Train
120px-Sanzomon.jpg,1,Train
120px-Vademon.jpg,1,Train
croconaw.png,0,Train
120px-Storabimon.jpg,1,Train
120px-Tocanmon.jpg,1,Train
120px-Effecmon.jpg,1,Train
120px-Icedevimon_enhancement_absorbent.jpg,1,Train
butterfree.png,0,Train
670.jpg,0,Train
120px-Opossummon.jpg,1,Train
523.jpg,0,Train
120px-Holyangemon2.jpg,1,Train
sigilyph.png,0,Train
306-mega.jpg,0,Train
106.jpg,0,Train
120px-DF18_cap.jpg,1,Train
120px-Ebemon.jpg,1,Train
120px-Boogiemon.jpg,1,Train
minccino.png,0,Train
persian.png,0,Train
grovyle.png,0,Train
KoHagurumon_b.jpg,1,Train
magmortar.png,0,Train
419.jpg,0,Train
120px-Tigervespamon.jpg,1,Train
120px-Piyomon.jpg,1,Train
120px-Ganimon.jpg,1,Train
632.jpg,0,Train
86px-Spr_DS_Ophani_Core.png,1,Train
120px-Saintgalgomon2.jpg,1,Train
294.jpg,0,Train
munchlax.png,0,Train
120px-Fufumon.jpg,1,Train
120px-Tactimon2.jpg,1,Train
585-summer.jpg,0,Train
116.jpg,0,Train
120px-Ginkakumon.jpg,1,Train
shellder.png,0,Train
120px-Skullknightmon_bigaxe.jpg,1,Train
mienshao.png,0,Train
26.jpg,0,Train
94.jpg,0,Train
120px-BushiAgumon.jpg,1,Train
120px-Ekakimon.jpg,1,Train
120px-Cookmon.jpg,1,Train
120px-Garurumonx.jpg,1,Train
120px-Susanoomon2.jpg,1,Train
120px-Asuramon.jpg,1,Train
tropius.png,0,Train
140.jpg,0,Train
120px-Sleipmon.jpg,1,Train
120px-Mecha_rogue_05.jpg,1,Train
120px-Puzzlemon.jpg,1,Train
diglett.png,0,Train
107.jpg,0,Train
223.jpg,0,Train
120px-Dorulumon.jpg,1,Train
120px-Kakkinmon.jpg,1,Train
27.jpg,0,Train
579.jpg,0,Train
120px-Astamon.jpg,1,Train
120px-Baromon.jpg,1,Train
tangela.png,0,Train
phantump.png,0,Train
120px-Sparrowmon2.jpg,1,Train
120px-Deckerdramon_float.jpg,1,Train
13.jpg,0,Train
120px-Geremon.jpg,1,Train
120px-Lotusmon.jpg,1,Train
croagunk.png,0,Train
120px-Vademonx.jpg,1,Train
ninetales.png,0,Train
tepig.png,0,Train
364.jpg,0,Train
sableye.png,0,Train
120px-Cardmon.jpg,1,Train
rotom.png,0,Train
121.jpg,0,Train
354.jpg,0,Train
120px-Shakamon.jpg,1,Train
120px-Arresterdramon_superior.jpg,1,Train
120px-Upamon.jpg,1,Train
vigoroth.png,0,Train
politoed.png,0,Train
pikachu.png,0,Train
steenee.jpg,0,Train
pansear.png,0,Train
120px-Ebiburgamon.jpg,1,Train
432.jpg,0,Train
ferroseed.png,0,Train
goodra.png,0,Train
120px-Blastmon2.jpg,1,Train
starmie.png,0,Train
120px-Miragegaogamon_burst.jpg,1,Train
swalot.png,0,Train
jirachi.png,0,Train
120px-Timemon.jpg,1,Train
120px-Banchostingmon.jpg,1,Train
120px-Mailmon.jpg,1,Train
120px-Machleomon.jpg,1,Train
702.jpg,0,Train
meganium.png,0,Train
120px-Grankuwagamon.jpg,1,Train
719-mega.jpg,0,Train
skitty.png,0,Train
120px-Sinduramon.jpg,1,Train
machop.png,0,Train
hawlucha.png,0,Train
120px-Tuchidarumon.jpg,1,Train
395.jpg,0,Train
120px-Globemon.jpg,1,Train
120px-Apocalymon3.jpg,1,Train
423-east.jpg,0,Train
120px-Vamdemon.jpg,1,Train
alakazam.png,0,Train
cherrim.png,0,Train
501.jpg,0,Train
greninja.png,0,Train
41.jpg,0,Train
sunflora.png,0,Train
120px-Black_gaogamon.jpg,1,Train
120px-Gryzmon.jpg,1,Train
120px-Roamon.jpg,1,Train
slaking.png,0,Train
grumpig.png,0,Train
kadabra.png,0,Train
60px-Sistermon_ciel_awaken_hackers_memory.jpg,1,Train
120px-Ikkakumon.jpg,1,Train
560.jpg,0,Train
120px-Arresterdramon_sagomon.jpg,1,Train
197.jpg,0,Train
lombre.png,0,Train
sceptile.png,0,Train
692.jpg,0,Train
120px-Guilmonx.jpg,1,Train
120px-Soulmon.jpg,1,Train
120px-Yukimibotamon.jpg,1,Train
106px-Star_wheel.jpg,1,Train
120px-Holyangemon_shinkan.jpg,1,Train
120px-Eater_bit.jpg,1,Train
120px-Armagemon.jpg,1,Train
solosis.png,0,Train
120px-Gaioumon.jpg,1,Train
audino.png,0,Train
458.jpg,0,Train
25-phd.jpg,0,Train
120px-Garurumon.jpg,1,Train
victreebel.png,0,Train
120px-Blossomon.jpg,1,Train
499.jpg,0,Train
120px-Dantemon.jpg,1,Train
tapu-koko.jpg,0,Train
120px-Gengomon.jpg,1,Train
120px-Giga_Devast.jpg,1,Train
120px-Deckerdramon.jpg,1,Train
376-mega.jpg,0,Train
120px-Darklizamon.jpg,1,Train
120px-Ancientsphinxmon.jpg,1,Train
shaymin-land.png,0,Train
120px-Kokuwamon_x.jpg,1,Train
120px-Paildramon.jpg,1,Train
120px-Sakuttomon.jpg,1,Train
heatran.png,0,Train
120px-Puroromon.jpg,1,Train
582.jpg,0,Train
bronzor.png,0,Train
stunky.png,0,Train
98px-Dreaper_adr_01.jpg,1,Train
klink.png,0,Train
120px-Madleomon2.jpg,1,Train
716.jpg,0,Train
venipede.png,0,Train
120px-Greyknightsmon.jpg,1,Train
188.jpg,0,Train
120px-Granddracumon.jpg,1,Train
120px-Fugamon.jpg,1,Train
120px-Eldoradimon.jpg,1,Train
167.jpg,0,Train
120px-Yakiimon.jpg,1,Train
177.jpg,0,Train
120px-Ofanimon.jpg,1,Train
110.jpg,0,Train
120px-Kuzuhamon.jpg,1,Train
413-sandy.jpg,0,Train
electrode.png,0,Train
120px-Galgomon.jpg,1,Train
613.jpg,0,Train
205.jpg,0,Train
65.jpg,0,Train
315.jpg,0,Train
720-unbound.jpg,0,Train
120px-Kyubimon.jpg,1,Train
120px-Medicmon.jpg,1,Train
257.jpg,0,Train
120px-Callismon.jpg,1,Train
120px-Callmon.jpg,1,Train
563.jpg,0,Train
cottonee.png,0,Train
185.jpg,0,Train
crustle.png,0,Train
120px-Pukumon.jpg,1,Train
120px-Platinumnumemon.jpg,1,Train
120px-Meramon.jpg,1,Train
170.jpg,0,Train
exeggcute.png,0,Train
120px-Patamon.jpg,1,Train
honchkrow.png,0,Train
gloom.png,0,Train
373-mega.jpg,0,Train
225.jpg,0,Train
krokorok.png,0,Train
9-mega.jpg,0,Train
120px-Fladramon.jpg,1,Train
thundurus-incarnate.png,0,Train
120px-Shoutmon_X2_Plus_M_Toei.jpg,1,Train
120px-Uratekumon.jpg,1,Train
ralts.png,0,Train
149.jpg,0,Train
120px-Pteranomon.jpg,1,Train
380.jpg,0,Train
85.jpg,0,Train
700.jpg,0,Train
dewott.png,0,Train
120px-Ladydevimon.jpg,1,Train
543.jpg,0,Train
120px-Mametyramon2.jpg,1,Train
120px-Titamon.jpg,1,Train
120px-Beowolfmon.jpg,1,Train
572.jpg,0,Train
681-blade.jpg,0,Train
120px-Octmon.jpg,1,Train
120px-Tarotmon.jpg,1,Train
clefable.png,0,Train
mothim.png,0,Train
gumshoos.jpg,0,Train
fomantis.jpg,0,Train
120px-Kudamon2.jpg,1,Train
120px-Volcamon.jpg,1,Train
120px-Deadlytuwarmon_hell.jpg,1,Train
120px-Heraklekabuterimonx.jpg,1,Train
teddiursa.png,0,Train
120px-Youkomon.jpg,1,Train
187.jpg,0,Train
120px-Lilimon.jpg,1,Train
gourgeist-average.png,0,Train
doublade.png,0,Train
120px-Pukamon.jpg,1,Train
120px-Ancientirismon.jpg,1,Train
120px-Garudamonx.jpg,1,Train
120px-Ultimatechaosmon.jpg,1,Train
120px-Archelomon.jpg,1,Train
120px-Luckmon.jpg,1,Train
zweilous.png,0,Train
120px-Cometmon.jpg,1,Train
115px-Deathmeramon_cmon.png,1,Train
511.jpg,0,Train
cutiefly.jpg,0,Train
120px-Vmon.jpg,1,Train
120px-Hawkmon.jpg,1,Train
52px-Eater_Adam.jpg,1,Train
120px-Goburimon.jpg,1,Train
120px-Gesomon.jpg,1,Train
120px-Ranamon2.jpg,1,Train
120px-Wisemon2.jpg,1,Train
120px-Rosemon_burst.jpg,1,Train
120px-Dinohumon.jpg,1,Train
120px-Otamamonx.jpg,1,Train
120px-Shakkoumon.jpg,1,Train
269.jpg,0,Train
172.jpg,0,Train
193.jpg,0,Train
camerupt.png,0,Train
happiny.png,0,Train
lileep.png,0,Train
120px-Unimon.jpg,1,Train
541.jpg,0,Train
120px-Gigawarumonzaemon.jpg,1,Train
120px-Megadeckergreymon.jpg,1,Train
703.jpg,0,Train
18-mega.jpg,0,Train
exeggutor.png,0,Train
alomomola.png,0,Train
267.jpg,0,Train
primeape.png,0,Train
120px-Fujinmon.jpg,1,Train
malamar.png,0,Train
550-red-striped.jpg,0,Train
pangoro.png,0,Train
521.jpg,0,Train
208-mega.jpg,0,Train
120px-Blikmon.jpg,1,Train
120px-Silver_guardian.png,1,Train
120px-Hivisionmonitamon.jpg,1,Train
fletchling.png,0,Train
ledyba.png,0,Train
gothorita.png,0,Train
120px-Jyarimon.jpg,1,Train
399.jpg,0,Train
120px-Muchomon.jpg,1,Train
449.jpg,0,Train
120px-Blackkingnumemon.jpg,1,Train
pansage.png,0,Train
charmander.png,0,Train
volcarona.png,0,Train
120px-Magnukidmon.jpg,1,Train
526.jpg,0,Train
136.jpg,0,Train
669.jpg,0,Train
furfrou.png,0,Train
aipom.png,0,Train
604.jpg,0,Train
621.jpg,0,Train
espeon.png,0,Train
192.jpg,0,Train
120px-Biomon.jpg,1,Train
108.jpg,0,Train
120px-Extyranomon.jpg,1,Train
hippowdon.png,0,Train
292.jpg,0,Train
120px-Skullsatamon.jpg,1,Train
120px-Burgemon_adult.jpg,1,Train
173.jpg,0,Train
quilladin.png,0,Train
golurk.png,0,Train
690.jpg,0,Train
646-black.jpg,0,Train
620.jpg,0,Train
120px-Hiandromon.jpg,1,Train
120px-Saberdramon.jpg,1,Train
120px-Angewomon.jpg,1,Train
120px-Snowgoburimon.jpg,1,Train
120px-Deathmon2.jpg,1,Train
120px-Fangmon.jpg,1,Train
120px-Deadlytuwarmon.png,1,Train
51.jpg,0,Train
96px-Tapmon.png,1,Train
scatterbug.png,0,Train
clamperl.png,0,Train
606.jpg,0,Train
120px-Cupimon.jpg,1,Train
nidoking.png,0,Train
120px-Scudissimon.jpg,1,Train
clauncher.png,0,Train
lilligant.png,0,Train
zeraora.jpg,0,Train
120px-Imperialdramon_fighter.jpg,1,Train
seaking.png,0,Train
shedinja.png,0,Train
cherubi.png,0,Train
drifblim.png,0,Train
frogadier.png,0,Train
mime-jr.png,0,Train
14.jpg,0,Train
120px-Hudiemon_hm.jpg,1,Train
nidorina.png,0,Train
120px-Goddramon_X.jpg,1,Train
273.jpg,0,Train
283.jpg,0,Train
kabuto.png,0,Train
piloswine.png,0,Train
120px-Arresterdramon_sparrowmon.jpg,1,Train
120px-Jetsilphymon.jpg,1,Train
416.jpg,0,Train
361.jpg,0,Train
45.jpg,0,Train
113px-V-TamerHotBlooded_Lykamon.jpg,1,Train
120px-Chaosgreymon.jpg,1,Train
183.jpg,0,Train
642-therian.jpg,0,Train
basculin-red-striped.png,0,Train
mienfoo.png,0,Train
421-sunshine.jpg,0,Train
120px-Taomon2.jpg,1,Train
120px-Biostegomon.png,1,Train
120px-Leomonx.jpg,1,Train
120px-Matadrmon.jpg,1,Train
120px-Gumdramon2.jpg,1,Train
120px-Pyocomon.jpg,1,Train
120px-Meicoomon_%28Baby%29.jpg,1,Train
714.jpg,0,Train
120px-Dreaper_adr_05.jpg,1,Train
120px-Gabumonx.jpg,1,Train
120px-Icedevimon_daipenmon.jpg,1,Train
spritzee.png,0,Train
glameow.png,0,Train
120px-Mugen.jpg,1,Train
348.jpg,0,Train
120px-Tyrantkabuterimon.jpg,1,Train
120px-Kuramon.jpg,1,Train
seedot.png,0,Train
120px-Shoutmonx3sd.jpg,1,Train
doduo.png,0,Train
262.jpg,0,Train
yungoos.jpg,0,Train
120px-Megamusouknightmon.jpg,1,Train
120px-Copipemon2.jpg,1,Train
delcatty.png,0,Train
120px-Anubimon.jpg,1,Train
120px-Submarimon_plesiomon.jpg,1,Train
120px-Diablomon.jpg,1,Train
120px-Marsmon2.jpg,1,Train
107px-CmonDigimon_DeathMetalGreymon.jpg,1,Train
120px-Demon_beast2.jpg,1,Train
virizion.png,0,Train
120px-Shoutmon_X2_%28Incomplete_X4%29.png,1,Train
ampharos.png,0,Train
aron.png,0,Train
120px-Mermaimon.jpg,1,Train
120px-Uranusmon.jpg,1,Train
120px-Ageisdramon.jpg,1,Train
120px-Charismon.jpg,1,Train
120px-Swanmon.jpg,1,Train
120px-Gokimon.jpg,1,Train
274.jpg,0,Train
81px-Rampagegreymon.png,1,Train
120px-Madleomon_armed.jpg,1,Train
120px-Lekismon.jpg,1,Train
120px-Tubumon.jpg,1,Train
pumpkaboo-average.png,0,Train
golduck.png,0,Train
mareep.png,0,Train
120px-Grimmon.jpg,1,Train
tentacruel.png,0,Train
linoone.png,0,Train
floette.png,0,Train
120px-Mervamon_beelzebumon.jpg,1,Train
dialga.png,0,Train
120px-Kuzuhamon_miko.jpg,1,Train
715.jpg,0,Train
120px-Guardromon.jpg,1,Train
120px-Liollmon.jpg,1,Train
369.jpg,0,Train
427.jpg,0,Train
120px-Jager_dorulumon.jpg,1,Train
120px-Tuwarmon.jpg,1,Train
herdier.png,0,Train
120px-Aidmon.jpg,1,Train
spewpa.png,0,Train
aromatisse.png,0,Train
Master_V-dramon.jpg,1,Train
120px-Mother_eater2.jpg,1,Train
97px-CmonDigimon_DeathAirdramon.jpg,1,Train
101px-PawnShoutmon_Toei_Art.jpg,1,Train
parasect.png,0,Train
120px-Aegiochusmon_green.jpg,1,Train
265.jpg,0,Train
654.jpg,0,Train
120px-Tekkamon.jpg,1,Train
120px-Denpamon.jpg,1,Train
120px-Tylomon.jpg,1,Train
272.jpg,0,Train
120px-Hanumon.jpg,1,Train
120px-Pawngaossmon.png,1,Train
brionne.jpg,0,Train
175.jpg,0,Train
120px-Armadimon2.jpg,1,Train
hoppip.png,0,Train
120px-Cannonbeemon_aircraft_carrier.jpg,1,Train
120px-Holydramon.jpg,1,Train
120px-Murmukusmon.jpg,1,Train
612.jpg,0,Train
377.jpg,0,Train
120px-Redvagimon.jpg,1,Train
120px-Yaamon.jpg,1,Train
passimian.jpg,0,Train
120px-Grottomon.jpg,1,Train
tapu-fini.jpg,0,Train
120px-Cherubimon.jpg,1,Train
120px-Sateramon.jpg,1,Train
salazzle.jpg,0,Train
196.jpg,0,Train
710.jpg,0,Train
47.jpg,0,Train
120px-Warudamon.jpg,1,Train
120px-Depthmon.jpg,1,Train
120px-Meicrackmon.jpg,1,Train
lunala.jpg,0,Train
120px-Hadesmon.jpg,1,Train
120px-Savemon.jpg,1,Train
swinub.png,0,Train
120px-Jyagamon.jpg,1,Train
120px-Bantyoliomon_Burst_Mode_DS46.jpg,1,Train
706.jpg,0,Train
diggersby.png,0,Train
120px-Sorcerimon.jpg,1,Train
277.jpg,0,Train
79.jpg,0,Train
slowbro.png,0,Train
120px-Shoutmon_chibikamemon.jpg,1,Train
721.jpg,0,Train
120px-Trailmon_Raccon_Dog_%26_Blitzmon.JPG,1,Train
365.jpg,0,Train
484.jpg,0,Train
327.jpg,0,Train
378.jpg,0,Train
528.jpg,0,Train
367.jpg,0,Train
120px-Mephismon.jpg,1,Train
647-ordinary.jpg,0,Train
omastar.png,0,Train
120px-Cardmon_u2.png,1,Train
120px-Zassoumon.jpg,1,Train
froslass.png,0,Train
heatmor.png,0,Train
278.jpg,0,Train
56.jpg,0,Train
120px-Ancientbeatmon.jpg,1,Train
mudkip.png,0,Train
120px-Neovamdemon.jpg,1,Train
120px-Coatlmon.jpg,1,Train
206.jpg,0,Train
sentret.png,0,Train
120px-Atlurkabuterimon_blue.jpg,1,Train
120px-Whamon.jpg,1,Train
120px-Velgrmon.jpg,1,Train
120px-Garudamon.jpg,1,Train
120px-Baohuckmon.jpg,1,Train
676-star.jpg,0,Train
120px-Shoutmonx4b.jpg,1,Train
323.jpg,0,Train
353.jpg,0,Train
zapdos.png,0,Train
120px-Niseagumon_hakase.jpg,1,Train
120px-Kyaromon2.jpg,1,Train
157.jpg,0,Train
120px-Spamon.jpg,1,Train
290.jpg,0,Train
120px-Frogmon.jpg,1,Train
120px-Vdramon_virus.jpg,1,Train
120px-Watchmon.jpg,1,Train
120px-Meicoomon.jpg,1,Train
combusken.png,0,Train
120px-Honeybeemon.jpg,1,Train
liepard.png,0,Train
260.jpg,0,Train
120px-Moneymon.jpg,1,Train
120px-Hustlenanimon.png,1,Train
482.jpg,0,Train
120px-Gottsumon_x.jpg,1,Train
chespin.png,0,Train
120px-Icedevimon.jpg,1,Train
120px-Mcmon.jpg,1,Train
120px-Rocketmon.jpg,1,Train
120px-Trickmon.jpg,1,Train
120px-Parrotmon.jpg,1,Train
phanpy.png,0,Train
120px-Dobermon_x.jpg,1,Train
478.jpg,0,Train
132.jpg,0,Train
regigigas.png,0,Train
586-winter.jpg,0,Train
marshtomp.png,0,Train
120px-Darcmon.jpg,1,Train
120px-Pawnchessmon_white.jpg,1,Train
120px-Orgemon.jpg,1,Train
duskull.png,0,Train
287.jpg,0,Train
120px-Assaultmon.jpg,1,Train
ditto.png,0,Train
211.jpg,0,Train
lapras.png,0,Train
120px-Witchmon.jpg,1,Train
120px-Belphemon_sleep2.jpg,1,Train
642-incarnate.jpg,0,Train
120px-Blackmegalogrowmon.jpg,1,Train
120px-Labramon.jpg,1,Train
120px-Tyutyumon.jpg,1,Train
120px-Bacchusmon.jpg,1,Train
120px-Superstarmon.jpg,1,Train
477.jpg,0,Train
120px-Minomon.jpg,1,Train
306.jpg,0,Train
209.jpg,0,Train
646.jpg,0,Train
120px-Weathermon.jpg,1,Train
120px-Relemon.jpg,1,Train
skrelp.png,0,Train
120px-Duskmon.jpg,1,Train
517.jpg,0,Train
3-mega.jpg,0,Train
120px-Kakeimon.jpg,1,Train
120px-Pumpmon.jpg,1,Train
masquerain.png,0,Train
120px-Pinamon.jpg,1,Train
120px-Shoutmonx5b.jpg,1,Train
120px-Sakusimon.jpg,1,Train
120px-Mailbirdramon_golemon.jpg,1,Train
593.jpg,0,Train
120px-Shoutmonx2_2.jpg,1,Train
567.jpg,0,Train
120px-Zudomon.jpg,1,Train
120px-Gigadramon.jpg,1,Train
120px-Chohakkaimon.jpg,1,Train
430.jpg,0,Train
120px-Mamemon_X.jpg,1,Train
589.jpg,0,Train
kyogre.png,0,Train
120px-Cresgarurumon.jpg,1,Train
120px-Shoutmon_X6.jpg,1,Train
510.jpg,0,Train
patrat.png,0,Train
gardevoir.png,0,Train
octillery.png,0,Train
120px-Jumbogamemon.jpg,1,Train
243.jpg,0,Train
120px-Mamemon.jpg,1,Train
131.jpg,0,Train
120px-Tuwarmon_Superstarmon.jpg,1,Train
120px-Rukamon.jpg,1,Train
120px-Skullknightmon_cavalier.jpg,1,Train
1.jpg,0,Train
120px-Delumon.jpg,1,Train
nidoran-m.png,0,Train
120px-Shotmon.jpg,1,Train
120px-Hisyaryumon.jpg,1,Train
scizor.png,0,Train
onix.png,0,Train
120px-Dreaper_adr09.jpg,1,Train
120px-Agnimon3.jpg,1,Train
120px-Imperialdramon.jpg,1,Train
120px-Salamandamon.jpg,1,Train
120px-Mailbirdramon2.jpg,1,Train
120px-Poromon.jpg,1,Train
264.jpg,0,Train
120px-Gulfmon.jpg,1,Train
charizard.png,0,Train
120px-Hackmon_appmon.jpg,1,Train
120px-Cotsucomon.jpg,1,Train
120px-Infermon.jpg,1,Train
586-autumn.jpg,0,Train
magmar.png,0,Train
purugly.png,0,Train
120px-Bommon.jpg,1,Train
120px-Maildramon.jpg,1,Train
405.jpg,0,Train
584.jpg,0,Train
heracross.png,0,Train
120px-Ravmon.jpg,1,Train
451.jpg,0,Train
500.jpg,0,Train
120px-Stegomon.jpg,1,Train
319-mega.jpg,0,Train
120px-Yadomon.jpg,1,Train
120px-Shoutmon_x4k_toei.jpg,1,Train
120px-Gizmon_at_crusader.jpg,1,Train
120px-Deltamon.jpg,1,Train
120px-Babydmon.jpg,1,Train
227.jpg,0,Train
562.jpg,0,Train
magneton.png,0,Train
152.jpg,0,Train
spoink.png,0,Train
120px-Coachmon.jpg,1,Train
120px-Crossmon.jpg,1,Train
120px-Cardmon_U1.png,1,Train
195.jpg,0,Train
beartic.png,0,Train
506.jpg,0,Train
palkia.png,0,Train
120px-Ludomon.jpg,1,Train
452.jpg,0,Train
120px-Chaosdramon.jpg,1,Train
koffing.png,0,Train
stoutland.png,0,Train
120px-Marindevimon.jpg,1,Train
124.jpg,0,Train
120px-Vitium_ultimate.jpg,1,Train
120px-Culumon3.jpg,1,Train
tyrantrum.png,0,Train
baltoy.png,0,Train
steelix.png,0,Train
68px-Sparrowmon_ab.png,1,Train
excadrill.png,0,Train
blitzle.png,0,Train
120px-Renamon.jpg,1,Train
309.jpg,0,Train
120px-Coredramon_green2.jpg,1,Train
120px-Guardromon_gold_next0rder.jpg,1,Train
349.jpg,0,Train
120px-Prairiemon.jpg,1,Train
120px-Gizmon_xt_crusader.jpg,1,Train
120px-Hyougamon.jpg,1,Train
blacephalon.jpg,0,Train
spearow.png,0,Train
carnivine.png,0,Train
281.jpg,0,Train
120px-Jishomon.jpg,1,Train
120px-Dorimon.jpg,1,Train
244.jpg,0,Train
120px-Darkdramon.jpg,1,Train
elekid.png,0,Train
120px-Omegaarmamon_burst.jpg,1,Train
120px-Vegimon.jpg,1,Train
120px-Kumbhiramon.jpg,1,Train
460-mega.jpg,0,Train
eelektrik.png,0,Train
vullaby.png,0,Train
139.jpg,0,Train
50px-Yggdrasill_core.jpg,1,Train
16.jpg,0,Train
120px-Grand_generamon.jpg,1,Train
571.jpg,0,Train
120px-Damemon.jpg,1,Train
415.jpg,0,Train
120px-Otamamon_red.jpg,1,Train
120px-Bancho_lilimon.jpg,1,Train
kommo-o.jpg,0,Train
ChibiKiwimon_t.jpg,1,Train
hydreigon.png,0,Train
440.jpg,0,Train
flygon.png,0,Train
381-mega.jpg,0,Train
336.jpg,0,Train
120px-Chocomon.jpg,1,Train
445.jpg,0,Validation
Redv-dramon_battle_da02d1t.png,1,Validation
120px-Kuwagamon.jpg,1,Validation
53.jpg,0,Validation
120px-Growmon2.jpg,1,Validation
120px-Huanglongmon.jpg,1,Validation
typhlosion.png,0,Validation
120px-Vikaralamon.jpg,1,Validation
151.jpg,0,Validation
492-sky.jpg,0,Validation
120px-Chimairamon.jpg,1,Validation
pineco.png,0,Validation
120px-Lilimonx.jpg,1,Validation
sylveon.png,0,Validation
530.jpg,0,Validation
310-mega.jpg,0,Validation
porygon-z.png,0,Validation
120px-Agumon_black.jpg,1,Validation
120px-Coordemon.jpg,1,Validation
23.jpg,0,Validation
jigglypuff.png,0,Validation
120px-Raidramon.jpg,1,Validation
gengar.png,0,Validation
413-trash.jpg,0,Validation
120px-Boarmon.jpg,1,Validation
120px-Chaosmon.jpg,1,Validation
120px-Nyaromon.jpg,1,Validation
120px-Waruseadramon.jpg,1,Validation
558.jpg,0,Validation
65-mega.jpg,0,Validation
254.jpg,0,Validation
376.jpg,0,Validation
120px-Deusmon.jpg,1,Validation
7.jpg,0,Validation
roggenrola.png,0,Validation
120px-Kaiserleomon2.jpg,1,Validation
120px-Xiaomon.jpg,1,Validation
516.jpg,0,Validation
120px-Anomalocarimonx.jpg,1,Validation
120px-Yanmamon.jpg,1,Validation
162.jpg,0,Validation
120px-Burgemon2.jpg,1,Validation
229-mega.jpg,0,Validation
gible.png,0,Validation
81.jpg,0,Validation
swadloon.png,0,Validation
120px-Junomon_hysteric.jpg,1,Validation
120px-Apollomon.jpg,1,Validation
120px-Nefertimon.jpg,1,Validation
461.jpg,0,Validation
crabrawler.jpg,0,Validation
shiinotic.jpg,0,Validation
120px-Waspmon.jpg,1,Validation
116px-Executor.jpg,1,Validation
pignite.png,0,Validation
klinklang.png,0,Validation
614.jpg,0,Validation
120px-Coronamon.jpg,1,Validation
houndour.png,0,Validation
joltik.png,0,Validation
torchic.png,0,Validation
azumarill.png,0,Validation
jolteon.png,0,Validation
kartana.jpg,0,Validation
120px-Nisedrimogemon.jpg,1,Validation
87px-Supplemon.jpg,1,Validation
120px-Agumon_black_2006.jpg,1,Validation
120px-Atlurballistamon.jpg,1,Validation
golisopod.jpg,0,Validation
69.jpg,0,Validation
120px-Batterymon.jpg,1,Validation
120px-Pagumon.jpg,1,Validation
120px-Rosemon.jpg,1,Validation
150-mega-y.jpg,0,Validation
130.jpg,0,Validation
381.jpg,0,Validation
120px-Olegmon.jpg,1,Validation
120px-Hououmon.jpg,1,Validation
120px-Raijinmon.jpg,1,Validation
63px-Luminamon.png,1,Validation
120px-Leomon.jpg,1,Validation
120px-Arresterdramon_astamon.jpg,1,Validation
scraggy.png,0,Validation
eevee.png,0,Validation
120px-Setmon.jpg,1,Validation
goomy.png,0,Validation
120px-Ouryumon.jpg,1,Validation
150.jpg,0,Validation
120px-Shoutmon.jpg,1,Validation
120px-Omekamon.jpg,1,Validation
quilava.png,0,Validation
122.jpg,0,Validation
watchog.png,0,Validation
475-mega.jpg,0,Validation
111px-Dreaper_adr_06.jpg,1,Validation
242.jpg,0,Validation
120px-Kozenimon.jpg,1,Validation
120px-Ancientvolcamon.jpg,1,Validation
720.jpg,0,Validation
120px-Shoutmonx5s.jpg,1,Validation
120px-Tailmonx.jpg,1,Validation
492-land.jpg,0,Validation
120px-Zhuqiaomon2.jpg,1,Validation
471.jpg,0,Validation
120px-Lordknightmon.jpg,1,Validation
666-elegant.jpg,0,Validation
153.jpg,0,Validation
120px-Gaiamon_appmon.jpg,1,Validation
120px-Knightchessmon_white.jpg,1,Validation
120px-Betamon.jpg,1,Validation
120px-Calendamon.jpg,1,Validation
390.jpg,0,Validation
azelf.png,0,Validation
120px-Gazimon.jpg,1,Validation
120px-Kokuwamon.jpg,1,Validation
fennekin.png,0,Validation
120px-Jijimon.jpg,1,Validation
282-mega.jpg,0,Validation
120px-Gummymon.jpg,1,Validation
120px-Chicchimon.jpg,1,Validation
120px-Pharaohmon.jpg,1,Validation
charjabug.jpg,0,Validation
384-mega.jpg,0,Validation
120px-Barbamon2.jpg,1,Validation
120px-Deckergreymon.jpg,1,Validation
150-mega-x.jpg,0,Validation
631.jpg,0,Validation
120px-Shoutmonx5.jpg,1,Validation
120px-Zeedmillenniumon.jpg,1,Validation
237.jpg,0,Validation
120px-Star_Axe.png,1,Validation
120px-Nefertimonx.jpg,1,Validation
320.jpg,0,Validation
cobalion.png,0,Validation
120px-Loaderliomon.jpg,1,Validation
staravia.png,0,Validation
120px-Mojyamon.jpg,1,Validation
655.jpg,0,Validation
snivy.png,0,Validation
zebstrika.png,0,Validation
120px-Poseidomon.jpg,1,Validation
717.jpg,0,Validation
109.jpg,0,Validation
120px-Bommon_2010_2.jpg,1,Validation
120px-Chronomon_destroymode.jpg,1,Validation
120px-Blackwargreymonx.jpg,1,Validation
magnezone.png,0,Validation
forretress.png,0,Validation
389.jpg,0,Validation
swellow.png,0,Validation
120px-Hagurumon.jpg,1,Validation
200.jpg,0,Validation
vanillish.png,0,Validation
120px-Centalmon.jpg,1,Validation
372.jpg,0,Validation
120px-Megadramon.jpg,1,Validation
120px-Kaimon.jpg,1,Validation
120px-Phascomon.jpg,1,Validation
milotic.png,0,Validation
noibat.png,0,Validation
120px-Gabumon_black.jpg,1,Validation
120px-Sandyanmamon.jpg,1,Validation
porygon2.png,0,Validation
120px-Insekimon.jpg,1,Validation
585-winter.jpg,0,Validation
120px-Coredramon_blue2.jpg,1,Validation
709.jpg,0,Validation
502.jpg,0,Validation
120px-Shoutmonx3gm.jpg,1,Validation
120px-Frimon.jpg,1,Validation
667.jpg,0,Validation
120px-Alforcevdramon_zero_superultimate.jpg,1,Validation
120px-Astamon_triceramon.jpg,1,Validation
cacturne.png,0,Validation
590.jpg,0,Validation
24.jpg,0,Validation
417.jpg,0,Validation
141.jpg,0,Validation
120px-Gigimon3.jpg,1,Validation
208.jpg,0,Validation
ivysaur.png,0,Validation
120px-Agumon2.jpg,1,Validation
120px-Chronomon_Holymode.jpg,1,Validation
120px-Yoyomon.jpg,1,Validation
lairon.png,0,Validation
120px-Mecha_rogue_X_form2.jpg,1,Validation
257-mega.jpg,0,Validation
120px-Ofanimon_falldown.jpg,1,Validation
120px-Yukiagumon.jpg,1,Validation
120px-Bluemeramon.jpg,1,Validation
kyurem.png,0,Validation
meowth.png,0,Validation
693.jpg,0,Validation
120px-Dinorexmon.jpg,1,Validation
120px-Armamon.jpg,1,Validation
120px-Kokabuterimon.jpg,1,Validation
4.jpg,0,Validation
338.jpg,0,Validation
90px-Dreaper_adr08.jpg,1,Validation
142.jpg,0,Validation
120px-Weregarurumon.jpg,1,Validation
shelmet.png,0,Validation
dhelmise.jpg,0,Validation
120px-Blue_gaurdian.png,1,Validation
60px-BishopChessmon_Black.png,1,Validation
428.jpg,0,Validation
ninjask.png,0,Validation
689.jpg,0,Validation
120px-Blackguilmon_char_selection_dbc.png,1,Validation
120px-Darknessbagramon.jpg,1,Validation
120px-Ebidramon.jpg,1,Validation
dedenne.png,0,Validation
120px-Icemon.jpg,1,Validation
caterpie.png,0,Validation
489.jpg,0,Validation
skorupi.png,0,Validation
120px-Weathedramon.jpg,1,Validation
latias.png,0,Validation
castform.png,0,Validation
120px-Gekomon.jpg,1,Validation
120px-Mastertyranomon.jpg,1,Validation
236.jpg,0,Validation
120px-Poyomon.jpg,1,Validation
120px-Solarmon.jpg,1,Validation
hitmonlee.png,0,Validation
21.jpg,0,Validation
120px-Tanemon.jpg,1,Validation
96px-Dreaper_adr_02.jpg,1,Validation
120px-VR-Apocaly_battle_dtb.png,1,Validation
120px-Arresterdramon_superior.png,1,Validation
120px-Libramon.jpg,1,Validation
120px-Magnagarurumon.jpg,1,Validation
198.jpg,0,Validation
120px-Gomamon.jpg,1,Validation
archeops.png,0,Validation
577.jpg,0,Validation
408.jpg,0,Validation
120px-Regulumon.jpg,1,Validation
25-libre.jpg,0,Validation
120px-Goldvdramon.jpg,1,Validation
120px-Shoutmon_starwheel.png,1,Validation
343.jpg,0,Validation
120px-Vegasmon.jpg,1,Validation
120px-Chackmon.jpg,1,Validation
515.jpg,0,Validation
342.jpg,0,Validation
ludicolo.png,0,Validation
ho-oh.png,0,Validation
120px-Miragegaogamon.jpg,1,Validation
120px-Majuulilithmon2.png,1,Validation
72px-Darkknightmon_lilithmon.png,1,Validation
120px-Raguelmon.jpg,1,Validation
120px-Arresterdramon_orgemon.jpg,1,Validation
shieldon.png,0,Validation
120px-Choromon.jpg,1,Validation
120px-Chicomon.jpg,1,Validation
159.jpg,0,Validation
garbodor.png,0,Validation
120px-Evilmon.jpg,1,Validation
corphish.png,0,Validation
poipole.jpg,0,Validation
346.jpg,0,Validation
120px-Scumon.jpg,1,Validation
363.jpg,0,Validation
228.jpg,0,Validation
tranquill.png,0,Validation
120px-Vikemon.jpg,1,Validation
263.jpg,0,Validation
mightyena.png,0,Validation
120px-Greatestcutemon.jpg,1,Validation
120px-Sandiramon.jpg,1,Validation
120px-Calamaramon.jpg,1,Validation
120px-Onpamon.jpg,1,Validation
120px-Togemon.jpg,1,Validation
120px-Birdramon.jpg,1,Validation
286.jpg,0,Validation
120px-Candmon.jpg,1,Validation
433.jpg,0,Validation
557.jpg,0,Validation
decidueye.jpg,0,Validation
120px-Greymon_2010_2.jpg,1,Validation
120px-Mediamon.jpg,1,Validation
120px-Skullknightmon.jpg,1,Validation
floatzel.png,0,Validation
15.jpg,0,Validation
120px-Caprimon.jpg,1,Validation
410.jpg,0,Validation
120px-Thunderballmonx.jpg,1,Validation
120px-Butterflamon.jpg,1,Validation
120px-Oujamon.jpg,1,Validation
120px-Gigasmon2.jpg,1,Validation
120px-Leviamon.jpg,1,Validation
119px-Exogrimmon.jpg,1,Validation
508.jpg,0,Validation
332.jpg,0,Validation
oddish.png,0,Validation
120px-Aerovdramon.jpg,1,Validation
120px-Shadramon.jpg,1,Validation
120px-Impmon.jpg,1,Validation
latios.png,0,Validation
slakoth.png,0,Validation
312.jpg,0,Validation
255.jpg,0,Validation
geodude.png,0,Validation
120px-Clavisangemon.jpg,1,Validation
675.jpg,0,Validation
586-spring.jpg,0,Validation
120px-Megadarkknightmon.jpg,1,Validation
vulpix.png,0,Validation
708.jpg,0,Validation
120px-Valdurmon.jpg,1,Validation
120px-Yuramon.jpg,1,Validation
120px-Elephamon.jpg,1,Validation
120px-Babamon.jpg,1,Validation
120px-Victorygreymon.jpg,1,Validation
120px-Petitmon.jpg,1,Validation
120px-Triceramonx.jpg,1,Validation
120px-DF_Trailmon_Kettle.JPG,1,Validation
lumineon.png,0,Validation
120px-Pitchmon.jpg,1,Validation
662.jpg,0,Validation
657.jpg,0,Validation
95px-Bun.png,1,Validation
127.jpg,0,Validation
531-mega.jpg,0,Validation
324.jpg,0,Validation
656.jpg,0,Validation
bewear.jpg,0,Validation
219.jpg,0,Validation
120px-Lopmon.jpg,1,Validation
120px-Rapidmon%28armor%29.jpg,1,Validation
120px-Piemon.jpg,1,Validation
591.jpg,0,Validation
120px-Megalogrowmonx.jpg,1,Validation
120px-Skullmammonx.jpg,1,Validation
120px-Imperialdramon_fighter_black.jpg,1,Validation
114px-Gattai_Lilithmon.png,1,Validation
pheromosa.jpg,0,Validation
120px-Rhinomon_X.jpg,1,Validation
48.jpg,0,Validation
119px-Cardmon_R1.png,1,Validation
whiscash.png,0,Validation
Skullknightmon_br_battle_dssxw.png,1,Validation
120px-Xvmon_black.jpg,1,Validation
120px-Swipemon.jpg,1,Validation
638.jpg,0,Validation
120px-Arresterdramon_gigabreakdramon.jpg,1,Validation
362.jpg,0,Validation
simisage.png,0,Validation
11.jpg,0,Validation
120px-Astamon_cerberumon.jpg,1,Validation
120px-Deathxdoruguremon.jpg,1,Validation
golem.png,0,Validation
shiftry.png,0,Validation
12.jpg,0,Validation
bibarel.png,0,Validation
120px-Dancemon.jpg,1,Validation
120px-Pucchiemon.jpg,1,Validation
120px-Setmon_wild.png,1,Validation
102.jpg,0,Validation
288.jpg,0,Validation
120px-Bearmon2.jpg,1,Validation
120px-Megagrankuwagamon.jpg,1,Validation
479.jpg,0,Validation
120px-Gururumon.jpg,1,Validation
120px-Mammonx.jpg,1,Validation
120px-Plesiomon.jpg,1,Validation
120px-Majiramon.jpg,1,Validation
golbat.png,0,Validation
120px-Hippogriffomon.jpg,1,Validation
120px-Igamon.jpg,1,Validation
bonsly.png,0,Validation
toucannon.jpg,0,Validation
120px-Onmon.jpg,1,Validation
120px-Banchomamemon.jpg,1,Validation
120px-Guilmon.jpg,1,Validation
120px-Neodevimon2.jpg,1,Validation
84px-Eater_eve.jpg,1,Validation
120px-Megalogrowmon.jpg,1,Validation
120px-Tuskmon.jpg,1,Validation
120px-Shoutmon_Rare_Star_Sword.png,1,Validation
swablu.png,0,Validation
104.jpg,0,Validation
120px-Valvemon.jpg,1,Validation
485.jpg,0,Validation
472.jpg,0,Validation
605.jpg,0,Validation
120px-Recomon.jpg,1,Validation
meditite.png,0,Validation
120px-Numemon.jpg,1,Validation
120px-Chikurimon.jpg,1,Validation
120px-Mervamon_widehivisionsword.jpg,1,Validation
120px-Ookuwamonx.jpg,1,Validation
infernape.png,0,Validation
120px-Mokumon.jpg,1,Validation
barbaracle.png,0,Validation
jumpluff.png,0,Validation
omanyte.png,0,Validation
bellossom.png,0,Validation
aurorus.png,0,Validation
120px-Caturamon.jpg,1,Validation
120px-Zerimon.jpg,1,Validation
259.jpg,0,Validation
527.jpg,0,Validation
120px-Pilevolcamon.jpg,1,Validation
120px-Troopmon.jpg,1,Validation
ducklett.png,0,Validation
120px-Madleomon_final.jpg,1,Validation
120px-Blackwargreymon.jpg,1,Validation
120px-Mercuremon.jpg,1,Validation
120px-Bombernanimon.jpg,1,Validation
120px-Avengekidmon.jpg,1,Validation
20.jpg,0,Validation
100.jpg,0,Validation
680.jpg,0,Validation
120px-Shinegreymon_burst.jpg,1,Validation
120px-Mercurymon.jpg,1,Validation
120px-Parasimon2.jpg,1,Validation
592f.jpg,0,Validation
120px-Platinumscumon.jpg,1,Validation
661.jpg,0,Validation
120px-Deathxdorugamon.jpg,1,Validation
565.jpg,0,Validation
120px-Nyokimon.jpg,1,Validation
103px-VR-Duke_CM_battle_dtb.png,1,Validation
178.jpg,0,Test
120px-Orcamon.jpg,1,Test
120px-Shinegreymon_ruin.jpg,1,Test
120px-Gaogamon.jpg,1,Test
681.jpg,0,Test
roselia.png,0,Test
120px-Tripmon.jpg,1,Test
chingling.png,0,Test
120px-Botamon.jpg,1,Test
mantine.png,0,Test
stufful.jpg,0,Test
120px-Balibastemon.png,1,Test
120px-Doruguremon.jpg,1,Test
120px-Gomamonx.jpg,1,Test
398.jpg,0,Test
ponyta.png,0,Test
120px-Offmon.png,1,Test
316.jpg,0,Test
120px-Lalamon.jpg,1,Test
luvdisc.png,0,Test
avalugg.png,0,Test
galvantula.png,0,Test
120px-Gerbemon.jpg,1,Test
120px-Modokibetamon.jpg,1,Test
120px-Locomon2.jpg,1,Test
mesprit.png,0,Test
120px-Terriermon.jpg,1,Test
120px-Devidramon.jpg,1,Test
696.jpg,0,Test
120px-Lucemon2.jpg,1,Test
96px-Greymonx.jpg,1,Test
xurkitree.jpg,0,Test
487-altered.jpg,0,Test
120px-Darksuperstarmon.jpg,1,Test
120px-Gorimon.jpg,1,Test
96px-Sleipmonx.jpg,1,Test
120px-Geo_Greymon.jpg,1,Test
flabebe.png,0,Test
120px-Cyberdramon.jpg,1,Test
549.jpg,0,Test
334.jpg,0,Test
436.jpg,0,Test
120px-Megaseadramonx.jpg,1,Test
120px-Indaramon.jpg,1,Test
84.jpg,0,Test
togepi.png,0,Test
lampent.png,0,Test
120px-Flymon.jpg,1,Test
120px-Eater_eden.jpg,1,Test
55.jpg,0,Test
120px-Atamadekachimon.jpg,1,Test
120px-Knightmon_wisesword.png,1,Test
101px-Craniummonx.jpg,1,Test
120px-Shoutmonx7.jpg,1,Test
448.jpg,0,Test
120px-Skullgreymon.jpg,1,Test
465.jpg,0,Test
412-trash.jpg,0,Test
180.jpg,0,Test
719.jpg,0,Test
sharpedo.png,0,Test
25.jpg,0,Test
120px-Soundbirdmon.jpg,1,Test
120px-Chibickmon.jpg,1,Test
120px-Gundramon.jpg,1,Test
615.jpg,0,Test
120px-Shutumon2.jpg,1,Test
134.jpg,0,Test
120px-Lunamon.jpg,1,Test
120px-Shakomon.jpg,1,Test
120px-Xrosuparresterdramon_dobermon.png,1,Test
120px-Jammingmon.jpg,1,Test
120px-Metamormon.jpg,1,Test
incineroar.jpg,0,Test
golett.png,0,Test
120px-Pekomon.jpg,1,Test
120px-Knightchessmon_black.jpg,1,Test
pichu.png,0,Test
120px-Sirenmon.jpg,1,Test
455.jpg,0,Test
158.jpg,0,Test
120px-Shoutmon_X7SM.jpg,1,Test
registeel.png,0,Test
643.jpg,0,Test
stunfisk.png,0,Test
386-attack.jpg,0,Test
simisear.png,0,Test
120px-Raptordramon.jpg,1,Test
618.jpg,0,Test
armaldo.png,0,Test
448-mega.jpg,0,Test
slowpoke.png,0,Test
232.jpg,0,Test
120px-Blackrapidmon.jpg,1,Test
120px-Megidramon.jpg,1,Test
120px-Cannondramon.jpg,1,Test
120px-Togemonx.jpg,1,Test
108px-Dreaper_adr_07.jpg,1,Test
234.jpg,0,Test
509.jpg,0,Test
bulbasaur.png,0,Test
120px-Mysterious_creature_1.jpg,1,Test
deoxys-normal.png,0,Test
120px-Neovamdemon_devimon_ladydevimon.jpg,1,Test
677.jpg,0,Test
222.jpg,0,Test
479-frost.jpg,0,Test
120px-Triceramon.jpg,1,Test
402.jpg,0,Test
spinda.png,0,Test
120px-Dorulumon_starmons.png,1,Test
384.jpg,0,Test
120px-Puwamon.jpg,1,Test
532.jpg,0,Test
120px-Gigaseadramon.jpg,1,Test
57.jpg,0,Test
75.jpg,0,Test
120px-Cerberumon.jpg,1,Test
120px-Gumdramon_kotemon.jpg,1,Test
359-mega.jpg,0,Test
120px-Wendimon2.jpg,1,Test
120px-Tinkermon.jpg,1,Test
mimikyu.jpg,0,Test
120px-Nene_shademon.png,1,Test
lotad.png,0,Test
120px-Examon.jpg,1,Test
602.jpg,0,Test
marill.png,0,Test
120px-Elecmon.jpg,1,Test
relicanth.png,0,Test
245.jpg,0,Test
576.jpg,0,Test
120px-Akatorimon.jpg,1,Test
120px-Zurumon.jpg,1,Test
164.jpg,0,Test
nincada.png,0,Test
weedle.png,0,Test
120px-Blitzgreymon.jpg,1,Test
679.jpg,0,Test
120px-Superdarkknightmon.jpg,1,Test
120px-Floramon.jpg,1,Test
120px-Mummymon.jpg,1,Test
120px-Hookmon.jpg,1,Test
krabby.png,0,Test
120px-Neptunemon.jpg,1,Test
primarina.jpg,0,Test
buizel.png,0,Test
120px-Aquilamon2.jpg,1,Test
120px-Hubmon.png,1,Test
120px-Allomon.jpg,1,Test
120px-Bastemon.jpg,1,Test
wooper.png,0,Test
120px-Toyagumon_black.jpg,1,Test
676.jpg,0,Test
115px-Battle_Armament_Trailmon.png,1,Test
87px-Blackseraphimon_dw3.png,1,Test
120px-Starmon_x.jpg,1,Test
120px-Chaosdukemon5.jpg,1,Test
437.jpg,0,Test
120px-Crescemon.jpg,1,Test
18.jpg,0,Test
570.jpg,0,Test
delibird.png,0,Test
flareon.png,0,Test
120px-Gatchmon.jpg,1,Test
120px-Ganimonx.jpg,1,Test
524.jpg,0,Test
seviper.png,0,Test
625.jpg,0,Test
120px-Logamon.jpg,1,Test
gothita.png,0,Test
tynamo.png,0,Test
120px-Sukasimon.jpg,1,Test
454.jpg,0,Test
munna.png,0,Test
428-mega.jpg,0,Test
120px-Stingmon.jpg,1,Test
120px-Kiimon.png,1,Test
120px-Exeraser_alpha.jpg,1,Test
umbreon.png,0,Test
518.jpg,0,Test
corsola.png,0,Test
120px-Vdramon.jpg,1,Test
cascoon.png,0,Test
120px-Shonitamon.jpg,1,Test
713.jpg,0,Test
poliwag.png,0,Test
380-mega.jpg,0,Test
89.jpg,0,Test
25-belle.jpg,0,Test
120px-Ancientgreymon.jpg,1,Test
53px-Eater_Humanoid_Mode.jpg,1,Test
75px-Eater2.jpg,1,Test
120px-Weregarurumon_black.jpg,1,Test
120px-Arkadimon_ultimate2.jpg,1,Test
379.jpg,0,Test
120px-Pillomon.jpg,1,Test
120px-Rare_star_sword.png,1,Test
176.jpg,0,Test
120px-Raptor_sparrowmon.jpg,1,Test
barboach.png,0,Test
595.jpg,0,Test
120px-Resshamon.jpg,1,Test
406.jpg,0,Test
clefairy.png,0,Test
seel.png,0,Test
711.jpg,0,Test
cyndaquil.png,0,Test
120px-Hagurumon_x.jpg,1,Test
120px-Skullbaluchimon.jpg,1,Test
120px-Dagomon.jpg,1,Test
120px-Gazimonx.jpg,1,Test
608.jpg,0,Test
120px-Holsmon.jpg,1,Test
blissey.png,0,Test
120px-ChaosSeadramon.png,1,Test
120px-Pinochimon.jpg,1,Test
317.jpg,0,Test
120px-Lucemon_larva2.jpg,1,Test
36.jpg,0,Test
120px-Lilamon.jpg,1,Test
120px-Beelstarmon.jpg,1,Test
467.jpg,0,Test
120px-VR-BWargrey_battle_dtb.png,1,Test
213.jpg,0,Test
120px-Tyumon.jpg,1,Test
683.jpg,0,Test
120px-Pafumon.jpg,1,Test
120px-Jewelbeemon2.jpg,1,Test
321.jpg,0,Test
120px-Junomon.jpg,1,Test
456.jpg,0,Test
scrafty.png,0,Test
120px-Dorulucannon.jpg,1,Test
698.jpg,0,Test
120px-Deadlyaxemon.jpg,1,Test
120px-Ancientwisemon.jpg,1,Test
musharna.png,0,Test
627.jpg,0,Test
120px-Rinkmon.jpg,1,Test
356.jpg,0,Test
buneary.png,0,Test
xerneas.png,0,Test
120px-Kyuubimon_vaccine.jpg,1,Test
kangaskhan.png,0,Test
120px-Algomon_ultimate.jpg,1,Test
98.jpg,0,Test
120px-Blackmachgaogamon.jpg,1,Test
87px-Kyuukimon.jpg,1,Test
120px-Yukidarumon.jpg,1,Test
368.jpg,0,Test
258.jpg,0,Test
120px-Madleomon_orochi.jpg,1,Test
221.jpg,0,Test
382-primal.jpg,0,Test
82px-Sistermon_noir_awaken_collectors.jpg,1,Test
120px-Mastemon2.jpg,1,Test
120px-Calcumon.jpg,1,Test
bayleef.png,0,Test
120px-Aircraft_carrier_whamon.png,1,Test
120px-Sagomon.jpg,1,Test
voltorb.png,0,Test
samurott.png,0,Test
114.jpg,0,Test
645-incarnate.jpg,0,Test
tauros.png,0,Test
amoonguss.png,0,Test
610.jpg,0,Test
120px-Entermon.jpg,1,Test
119px-Rockmon.jpg,1,Test
suicune.png,0,Test
120px-Mothmon.jpg,1,Test
120px-Princemamemon_X.jpg,1,Test
maractus.png,0,Test
120px-Lucemon_falldown.jpg,1,Test
tyrogue.png,0,Test
596.jpg,0,Test
62.jpg,0,Test
653.jpg,0,Test
120px-Ebemonx.jpg,1,Test
120px-Peacockmon.jpg,1,Test
120px-Aegiochusmon_blue2.jpg,1,Test
120px-Shoutmon_jetsparrow.jpg,1,Test
torracat.jpg,0,Test
120px-Breakdramon.jpg,1,Test
247.jpg,0,Test
120px-Gankoomon.jpg,1,Test
120px-Logimon.jpg,1,Test
483.jpg,0,Test
120px-Suijinmon.jpg,1,Test
120px-Chibimon.jpg,1,Test
120px-Dobermon.jpg,1,Test
238.jpg,0,Test
swoobat.png,0,Test
637.jpg,0,Test
120px-Starmon.jpg,1,Test
120px-Mienumon2.jpg,1,Test
120px-Rookchessmon.jpg,1,Test
kabutops.png,0,Test
120px-Valkyrimon.jpg,1,Test
120px-Jetmervamon.jpg,1,Test
marshadow.jpg,0,Test
burmy.png,0,Test
dragonair.png,0,Test
120px-Otamamon2.jpg,1,Test
668.jpg,0,Test
120px-Beautymon.jpg,1,Test
120px-Splashmon_darkness2.jpg,1,Test
120px-Sistermon_noir.jpg,1,Test
120px-Bookmon.jpg,1,Test
squirtle.png,0,Test
98px-Sistermon_ciel.jpg,1,Test
abra.png,0,Test
fletchinder.png,0,Test
120px-Sleepmon.jpg,1,Test
gallade.png,0,Test
120px-Darkknightmon_duskmon.png,1,Test
120px-Mantaraymon.jpg,1,Test
120px-Machgaogamon.jpg,1,Test
494.jpg,0,Test
venonat.png,0,Test
meowstic-male.png,0,Test
646-white.jpg,0,Test
120px-ShouCutemon2.jpg,1,Test
120px-Trailmon_Angler.jpg,1,Test
litleo.png,0,Test
120px-Captainhookmon.jpg,1,Test
174.jpg,0,Test
66.jpg,0,Test
120px-Kingchessmon_white.jpg,1,Test
120px-Shoutmon_pinochimon.jpg,1,Test
634.jpg,0,Test
120px-ChaosGrimmon.jpg,1,Test
120px-Snimon.jpg,1,Test
volbeat.png,0,Test
120px-Reaper.jpg,1,Test
horsea.png,0,Test
92.jpg,0,Test
togetic.png,0,Test
beedrill.png,0,Test
120px-Minotaurmon.jpg,1,Test
120px-Garummon.jpg,1,Test
120px-Bootmon.jpg,1,Test
129.jpg,0,Test
120px-Protecmon.jpg,1,Test
337.jpg,0,Test
154.jpg,0,Test
305.jpg,0,Test
120px-Mecha_rogue_X_form3.jpg,1,Test
120px-Lucemon_satan2.jpg,1,Test
pachirisu.png,0,Test
120px-Tutomon.jpg,1,Test
120px-Burpmon.jpg,1,Test
120px-Pajiramon.jpg,1,Test
120px-Plesiomonx.jpg,1,Test
181-mega.jpg,0,Test
120px-Justimon.jpg,1,Test
120px-Rebootmon.jpg,1,Test
donphan.png,0,Test
120px-Jijishoutmon.jpg,1,Test
poliwrath.png,0,Test
120px-Xrosup_dorulumon.png,1,Test
120px-Tentomon.jpg,1,Test
120px-Alphamon_ouryuken.jpg,1,Test
120px-Gesomonx.jpg,1,Test
120px-Holydramonx.jpg,1,Test
vileplume.png,0,Test
120px-Griffomon.jpg,1,Test
409.jpg,0,Test
120px-Nanomon.jpg,1,Test
120px-Megadarknessbagramon.jpg,1,Test
568.jpg,0,Test
120px-Ginryumon.jpg,1,Test
120px-Trailmon_Franken.JPG,1,Test
126.jpg,0,Test
120px-Jupitermon.jpg,1,Test
120px-Aegiochusmon_dark.jpg,1,Test
120px-Blacktailmon.jpg,1,Test
scyther.png,0,Test
120px-Trailmon_Worm.JPG,1,Test
nidoqueen.png,0,Test
sawk.png,0,Test
120px-Commandramon.jpg,1,Test
panpour.png,0,Test
120px-Gattaiancientvolcamon.jpg,1,Test
120px-Blackgrowmon.jpg,1,Test
120px-Chibick_sword.jpg,1,Test
120px-Ankylomon2.jpg,1,Test
120px-Shademon.jpg,1,Test
559.jpg,0,Test
422-west.jpg,0,Test
120px-Arkadimon_superultimate.jpg,1,Test
120px-Voltobautamon.jpg,1,Test
120px-Coelamon.jpg,1,Test
597.jpg,0,Test
shuppet.png,0,Test
130-mega.jpg,0,Test
120px-Funbeemon.jpg,1,Test
191.jpg,0,Test
548.jpg,0,Test
120px-Chaosdukemon_core.jpg,1,Test
138.jpg,0,Test
88.jpg,0,Test
starly.png,0,Test
120px-Zekegreymon2.jpg,1,Test
meloetta-aria.png,0,Test
growlithe.png,0,Test
120px-Weregarurumonx.jpg,1,Test
293.jpg,0,Test
344.jpg,0,Test
120px-Strikedramon.jpg,1,Test
120px-Belphemon_rage.jpg,1,Test
120px-Bio_Spinomon.jpg,1,Test
117px-Cardmon_S2.png,1,Test
463.jpg,0,Test
skiploom.png,0,Test
120px-Arresterdramon_blossomon.jpg,1,Test
92px-Darkknightmon_bagramon.png,1,Test
326.jpg,0,Test
120px-Anomalocarimon.jpg,1,Test
120px-Sakuyamon.jpg,1,Test
drapion.png,0,Test
120px-Kongoumon.jpg,1,Test
120px-Vajramon.jpg,1,Test
monferno.png,0,Test
